study_condition	mean_shannon	sd_shannon	median_shannon	n_samples	n_subjects
control	2.51477045137744	0.530776575353554	2.60135231916755	89	15
T1D	2.54534854059183	0.454425474392172	2.5101496126696	31	4
