term	Df	SumOfSqs	R2	F	Pr(>F)
Model	1	0.0937827569831675	0.0269747839434407	0.471284114194874	0.98
Residual	17	3.3828996579643	0.973025216056559	NA	NA
Total	18	3.47668241494746	1	NA	NA
