term	Df	SumOfSqs	R2	F	Pr(>F)
Model	1	0.533964484981647	0.0157554366447612	1.88890199986892	0.001
Residual	118	33.3568439401338	0.984244563355239	NA	NA
Total	119	33.8908084251155	1	NA	NA
