term	Df	Sum Sq	Mean Sq	F	N.Perm	Pr(>F)
Groups	1	0.00640581740752029	0.00640581740752029	1.12585314299272	999	0.291
Residuals	17	0.0967256667582523	0.00568974510342661	NA	NA	NA
